probe,dataset,F1_mean,F1_std,n_runs
prev1,irc,,,1
prev1,molweni,,,1
prev1,discord,,,1
prev1,slack,,,1
prev1,hn,,,1
prev1,reddit,,,1
saprev,irc,,,1
saprev,molweni,,,1
saprev,discord,,,1
saprev,slack,,,1
saprev,hn,,,1
saprev,reddit,,,1
simmax,irc,,,1
simmax,molweni,,,1
simmax,discord,,,1
simmax,slack,,,1
simmax,hn,,,1
simmax,reddit,,,1
PairMLP,irc,,,5
PairMLP,molweni,,,5
PairMLP,discord,,,5
PairMLP,slack,,,5
PairMLP,hn,,,5
PairMLP,reddit,,,5
MHA-Net,irc,,,5
MHA-Net,molweni,,,5
MHA-Net,discord,,,5
MHA-Net,slack,,,5
MHA-Net,hn,,,5
MHA-Net,reddit,,,5
