dataset,probe,1-1,many-1,1-many,many-many
irc,prev1,19.8,59.6,32.1,14.8
irc,saprev,24.7,38.1,21.6,12.0
irc,simmax,7.1,8.8,4.5,7.1
irc,PairMLP,28.14,56.26,21.14,20.02
irc,MHA-Net,29.28,45.48,20.18,18.04
molweni,prev1,68.7,,53.5,
molweni,saprev,26.7,,20.8,
molweni,simmax,41.8,,31.6,
molweni,PairMLP,81.44,0.0,69.86,0.0
molweni,MHA-Net,80.02,0.0,69.54,0.0
discord,prev1,39.7,,58.5,
discord,saprev,9.5,,5.5,
discord,simmax,13.1,,2.8,
discord,PairMLP,54.74,0.0,20.78,0.0
discord,MHA-Net,52.2,,21.9,
slack,prev1,0.0,,27.2,19.2
slack,saprev,0.0,,5.6,3.6
slack,simmax,0.0,,0.0,0.0
slack,PairMLP,0.0,0.0,10.94,51.66
slack,MHA-Net,0.0,,10.9,52.6
hn,prev1,0.8,,2.3,
hn,saprev,0.8,,0.8,
hn,simmax,5.0,,3.5,
hn,PairMLP,5.0,,2.78,
hn,MHA-Net,2.34,,1.26,
reddit,prev1,2.7,,5.6,
reddit,saprev,0.4,,1.3,
reddit,simmax,5.2,,4.8,
reddit,PairMLP,7.38,,3.7,
reddit,MHA-Net,7.0,,2.94,
