dataset,conv_id,iterations
discord,116432-742711-2832,2
discord,100789-862495-2843,2
discord,100789-862495-2855,2
discord,116432-742711-2861,1
discord,109289-675263-2802,3
discord,115692-610749-2831,1
discord,112646-943135-2857,1
discord,115692-768037-2857,2
discord,115692-839690-2841,1
discord,123639-595573-2843,1
discord,110908-253002-2834,1
discord,114894-376652-2857,1
discord,100789-862495-2871,1
discord,112646-943135-2865,1
discord,108839-527718-2784,3
slack,beginners-w2477,2
slack,general-w2501,1
slack,general-w2544,2
slack,general-w2486,2
slack,general-w2537,1
slack,general-w2480,1
slack,general-w2578,2
slack,general-w2559,1
